Date,DZD,AOA,XOF,BIF,XAF,CVE,DJF,EGP,ERN,ETB,GMD,GHS,GNF,KES,LSL,LRD,LYD,MGA,MWK,MRO,MZN,NAD,NGN,RWF,SLL,SOS,ZAR,SDG,SZL,UGX,USD,ZMW,ZWL
2015-04-30,108.996181,122.465923,658.917646,1764.876941,659.629223,111.034191,199.013899,8.560549,16.949094,23.013925,48.194224,4.318802,8202.540796,106.089837,13.329861,94.81263,1.54323,3452.17427,494.006888,345.233129,39.314684,13.329995,223.084591,775.515646,4872.201428,787.251363,13.328818,6.6951,13.329928,3362.94219,1.121335,8.355249,361.468014
2015-05-31,109.112941,121.142065,655.991398,1711.187537,656.33523,110.158156,194.475549,8.376782,16.58707,22.580104,47.304934,4.452636,8172.394646,107.23299,13.342588,92.970378,1.499981,3509.050109,482.617435,344.761491,40.877555,13.340393,218.428811,756.756045,4753.501936,767.203139,13.341666,6.543084,13.342588,3354.337265,1.097384,7.978671,353.747244
2015-06-30,110.344841,135.084083,656.649595,1754.240333,656.694635,110.265,197.567724,8.510853,16.862261,23.110965,44.069151,4.87132,8411.773288,110.587683,13.60532,93.644578,1.525173,3566.804328,490.498772,364.798137,42.768216,13.597364,222.071297,801.327708,4727.892785,772.484224,13.578263,6.670472,13.597431,3674.539805,1.113756,8.358757,359.060622
2015-07-31,109.165551,138.398696,656.74043,1709.179356,656.741749,110.265,195.347619,8.603256,16.640179,22.911669,43.579419,4.154605,7988.775131,112.438149,13.916573,94.059876,1.507357,3721.191993,508.087329,357.232982,41.875218,13.920543,218.689425,795.519063,4347.991245,735.55058,13.931435,6.627526,13.931907,3766.564158,1.099087,8.424833,354.331664
2015-08-31,119.01444,140.948821,655.582264,1738.716639,656.047305,110.265,199.369851,8.783346,16.981966,23.375485,44.844145,4.420101,8133.088697,116.518159,14.907859,99.277033,1.532093,3700.812326,624.955408,354.644355,46.114339,14.918994,223.33865,797.154115,4201.045053,745.179099,14.905937,6.825399,14.920115,4098.21723,1.121662,9.893173,361.609593
2015-09-30,118.574842,151.189756,655.940613,1749.376347,654.485002,110.265,198.450445,8.745399,16.913763,23.350724,43.611334,4.207215,8105.306719,117.132056,15.523168,96.164913,1.515016,3573.767971,622.387833,326.221695,47.311617,15.516412,222.412299,803.070279,4184.172896,721.901539,15.508055,6.790709,15.516412,4114.945072,1.117157,12.086434,360.157304
2015-10-31,117.620275,148.92958,657.813416,1731.264728,657.027101,110.265,195.500168,8.837119,16.663603,23.206698,42.828344,4.177229,8027.28098,112.152896,15.222172,92.266175,1.499318,3591.388086,613.802723,361.303844,46.666895,15.222091,219.438413,821.874309,4121.463249,684.593159,15.215411,6.725152,15.220991,3924.484014,1.100634,13.853436,354.83046
2015-11-30,114.465695,142.990418,658.169132,1638.301632,657.208088,110.265,187.821644,8.276566,15.852691,22.266971,41.711691,4.022843,8097.554319,107.997637,15.26595,90.982407,1.448593,3451.528687,621.617621,333.732509,46.299115,15.268027,210.415838,787.756694,4489.930949,645.366802,15.25528,6.441553,15.264856,3544.311468,1.056952,11.002168,340.679615
2015-12-31,116.409469,146.864709,658.106737,1695.123329,656.175277,110.265,192.905155,8.506194,16.285706,23.023364,42.759205,4.146153,8397.915277,111.229357,16.773064,94.281953,1.499296,3494.737165,720.944757,339.190983,51.592847,16.815989,216.360194,812.19644,4507.791318,674.378445,16.819181,6.69747,16.814903,3668.394572,1.085822,11.941834,350.055265
2016-01-31,116.676566,168.455136,659.112298,1705.282664,655.913002,110.290162,192.315086,8.506706,16.247311,23.175772,42.881595,4.313306,8438.524261,111.496207,17.204846,91.874776,1.504161,3488.255795,793.774006,372.530493,48.780382,17.28605,216.362224,811.604727,4472.979091,673.018192,17.200522,6.638719,17.2841,3769.270092,1.083046,12.217163,349.090323
2016-02-29,118.194212,172.792613,656.096965,1703.57506,655.589025,110.057812,193.207275,8.532317,16.321537,23.252927,42.864948,4.231207,8297.583675,110.952397,17.348889,92.118759,1.515698,3481.144543,812.488647,372.327752,52.775854,17.377446,216.492243,832.787076,4444.551998,663.643498,17.326702,6.632777,17.375705,3666.90131,1.087994,12.410336,350.755282
2016-03-31,123.529128,182.7384,662.102159,1779.807594,657.958324,110.840094,202.331612,10.103196,17.068441,24.468191,48.646098,4.360819,8644.445428,115.423233,16.875065,96.353555,1.555314,3652.031082,774.275461,390.476602,58.442497,16.851491,226.399894,854.703317,4544.64242,698.831086,16.812366,6.943614,16.850216,3836.018847,1.13801,12.600216,366.8065
2016-07-31,122.542047,184.386135,658.23049,1839.806359,655.605583,110.589503,196.380063,9.919425,17.184665,24.35202,47.307708,4.406839,10036.830621,113.136361,15.482685,100.535756,1.547692,3269.649813,793.8424,394.32418,76.250872,15.773243,356.622673,877.20898,6138.273111,608.800195,15.521064,6.780831,15.738106,3770.095241,1.117065,11.449859,360.09156
2016-08-31,121.84201,184.223957,657.75934,1845.532008,655.449122,110.547327,197.411521,9.885529,17.630019,24.515056,47.243498,4.315302,10031.291095,113.002863,16.020711,100.447224,1.540743,3370.549737,794.645969,393.974943,81.373103,16.356107,339.892703,891.153139,6222.12411,612.725744,16.39493,6.774283,15.826234,3761.175756,1.116076,10.658459,359.772678
2016-09-30,122.854484,185.613673,657.986419,1865.784707,655.569147,110.816989,199.144483,9.959815,17.575981,24.738847,47.194206,4.464604,10178.745719,113.684394,15.428222,101.203118,1.550093,3494.867873,801.356948,396.939971,87.686543,15.521945,342.406748,902.053648,6291.436534,624.08386,15.416958,6.82598,15.496429,3805.222887,1.124475,11.267645,362.480066
2016-10-31,120.33593,181.157974,657.54012,1825.967327,655.575633,110.296877,194.117825,9.721587,17.113448,24.308797,46.411368,4.36778,9929.771573,111.281927,14.771552,98.771359,1.538088,3498.686405,781.93616,389.596775,84.48208,14.868269,334.192462,884.241318,6145.747661,610.185115,14.784874,6.97268,14.82936,3791.706355,1.097455,10.4803,353.770081
2008-01-31,98.888959,111.230828,656.833878,1628.963344,703.950826,110.212991,264.153664,8.26111,,13.503786,37.095427,,6327.171601,106.44208,10.940005,91.821225,1.801476,2630.827628,207.792205,366.514053,,10.991412,182.716387,809.109985,4400.730396,1992.229009,11.098785,,10.935707,2542.755918,1.486339,,
2008-02-29,100.405369,116.586534,656.14954,1678.975037,712.638908,110.39514,269.874919,8.345194,,13.847105,36.98085,,6580.150054,103.372028,11.611696,96.03901,1.837341,2768.339003,212.467446,379.012988,,11.702808,185.523076,829.823683,4459.001511,2129.805344,11.770073,,11.609537,2593.652044,1.518531,,
2008-03-31,102.70508,121.271615,655.315653,1748.298048,727.343343,110.147237,280.719961,8.633231,,14.528157,37.061863,,6839.722243,98.946766,12.706513,98.680958,1.860238,2879.585923,220.954108,380.76832,,12.828533,193.578246,862.833785,4699.413579,2203.14067,12.822305,,12.705723,2665.895732,1.579554,,
2008-04-30,99.586356,116.691345,657.430559,1718.455188,723.874824,110.668152,277.195741,8.38195,,14.392101,36.840921,1.548125,6940.314654,96.746964,11.838565,97.502528,1.852548,2534.561817,217.557084,370.666944,37.691126,11.808481,191.846487,849.214128,4567.360792,2095.16446,11.831827,3.162894,11.84017,2616.047614,1.559724,,
2008-05-31,97.202708,116.482753,656.089928,1714.449021,721.543615,110.435742,276.044013,8.301315,,14.35847,36.953466,1.582643,6855.127181,96.736624,11.751076,97.792595,1.829002,2519.895804,218.237809,371.736561,36.49779,11.784508,183.576987,842.850249,4651.770038,2164.26014,11.825777,3.164283,11.753831,2540.567159,1.553244,,
2008-06-30,98.216354,117.887642,655.929814,1751.764108,726.429345,110.192649,279.983175,8.411635,,14.616328,37.717652,1.734082,7077.191606,102.934912,12.435265,99.277015,1.880753,2468.660638,221.150625,367.310346,36.943262,12.33467,185.754747,847.225194,4604.834535,2082.878353,12.316632,3.260045,12.430414,2561.729145,1.575409,,
2008-07-31,95.724393,116.678521,656.684728,1728.079522,722.2605,110.146957,277.150784,8.274378,,14.536993,37.595966,1.711732,7099.53051,104.990812,11.461898,99.122868,1.868532,2448.84509,220.860225,355.465802,37.000317,11.460729,183.698529,848.093532,4601.949118,2184.099433,11.429207,3.2355,11.45767,2558.702375,1.559471,,
2008-08-31,89.541582,109.993703,655.55257,1636.571362,699.331108,110.023403,261.305225,7.892298,,13.717327,36.426459,1.698713,6855.350931,101.238705,11.335481,93.351302,1.809523,2370.152908,208.185946,332.53115,35.421172,11.30914,172.863049,806.35607,4341.636368,2070.528405,11.335684,3.081155,11.335281,2407.970078,1.470311,,
2008-09-30,85.841868,105.560943,646.464957,1566.001459,680.722856,108.792769,250.80723,7.697555,,13.178203,36.121584,1.641857,7054.644044,103.511939,11.671728,89.212723,1.750241,2344.254258,200.582162,323.298463,34.221297,11.67302,166.085417,773.662359,4181.164953,2001.2057,11.701474,2.994126,11.677816,2346.542796,1.411241,,
2008-10-31,85.297779,95.232286,654.270307,1420.436087,649.559182,110.052723,226.288367,7.109991,,11.895151,32.632086,1.491388,6466.415344,101.241833,12.861463,81.007133,1.647572,2327.530172,180.726459,311.262187,30.848007,12.812498,150.075214,701.105472,3815.051164,1841.539666,12.664266,2.804065,12.852699,2451.449959,1.273279,,
2008-11-30,88.151575,95.165632,648.534323,1425.920902,649.551732,110.179985,226.017275,7.015294,,11.909043,34.258836,1.531463,6424.797763,100.734672,12.680592,80.117229,1.648887,2342.371182,180.765213,317.929765,31.328178,12.762477,151.190827,702.810989,3793.834896,1751.264436,12.833252,2.808805,12.665965,2484.73569,1.271753,,
2008-12-31,97.639271,104.813977,653.84464,1576.295074,681.090059,110.414691,247.676823,7.687883,,13.124254,37.765195,1.768912,6941.328245,108.916509,12.952665,88.888149,1.748588,2555.460238,200.362184,359.911303,35.199431,12.978113,189.421995,777.404123,4193.532839,1975.595795,13.056032,3.051758,12.988666,2703.705552,1.393627,,
2009-01-31,92.331605,96.401798,654.838562,1447.890277,651.733322,110.168341,227.573764,7.136565,,12.706475,34.043854,1.692499,6176.240032,102.051507,13.005451,82.64399,1.632765,2502.117728,182.02015,322.961756,32.260233,13.043788,189.235377,721.482127,3886.26787,1793.152788,13.105463,2.853364,12.996573,2503.531411,1.280511,,
2009-02-28,91.866763,95.208887,659.072367,1425.685973,649.284544,110.49167,225.178493,7.077275,,12.655975,33.716634,1.755147,6243.025801,100.898315,12.690883,81.719821,1.652886,2479.498811,178.049727,325.637417,33.819965,12.864045,187.745749,718.661506,3883.03393,1779.917906,12.812381,2.883447,12.684414,2499.562565,1.267034,,
2009-03-31,98.606758,100.545152,654.407389,1500.818254,663.304529,110.024317,236.00128,7.493249,,13.346763,35.782408,1.877966,6550.135699,106.714726,12.695851,86.747673,1.718326,2634.727026,187.575528,341.641854,35.237682,12.584627,196.132049,755.081831,4153.278843,1873.008035,12.601362,3.058057,12.685777,2765.427922,1.327931,,
2009-04-30,96.275938,102.973423,655.311005,1499.221721,662.530935,110.034228,235.437269,7.465915,,13.327648,35.605564,1.932685,6481.579804,104.249379,11.226025,88.076794,1.708706,2794.839896,186.140721,344.729916,36.613607,11.219828,195.5844,752.399927,4146.148595,1873.460802,11.204871,3.09582,11.232082,2957.277758,1.324758,,
2009-05-31,102.007106,109.78429,655.635984,1590.027453,685.560044,110.395921,250.855376,7.936722,,14.208232,37.897256,2.085022,6556.184551,110.505434,11.233962,95.600613,1.761391,2756.892004,201.145369,371.347342,38.376013,11.270309,208.342715,796.798905,4379.221294,1996.347293,11.259785,3.327475,11.235714,3149.790221,1.411512,,
2009-06-30,101.728245,108.997583,652.940211,1584.198817,681.567198,109.607127,249.698978,7.864853,,14.230547,37.756296,2.100503,6919.091705,107.488987,10.877576,99.059194,1.749201,2732.35312,198.84959,368.298942,38.745122,10.863175,208.087893,796.322775,4531.145632,2001.430246,10.842073,3.339605,10.878919,2887.639088,1.405005,,
2009-07-31,103.003627,110.809534,660.378803,1605.070304,690.785512,111.073185,253.110455,7.895348,,14.370409,37.394954,2.139859,6910.61697,109.109155,11.113476,100.43633,1.772265,2776.215278,201.590232,369.813897,38.148573,11.13021,223.241436,806.926498,4686.295208,2046.839642,11.111254,3.451693,11.114887,2994.104024,1.424201,,
2009-08-31,104.24102,110.84235,659.083603,1624.790527,691.709706,110.674521,254.592364,7.932032,,14.450923,38.321662,2.096366,6933.392808,109.165444,11.176497,103.938727,1.77219,2797.718861,202.38938,371.57874,38.666114,11.195479,220.515714,812.607519,5099.836855,2055.180388,11.149455,3.490771,11.173286,2936.345927,1.43254,,
2009-09-30,106.120529,113.870736,656.95918,1652.39673,698.157894,110.2049,260.102097,8.036685,,15.669443,38.993006,2.129456,7352.377204,109.07825,10.88227,103.866898,1.780978,2913.036802,207.438003,380.749543,41.330203,10.878245,220.666934,830.014864,5270.987435,2122.130975,10.955517,3.38007,10.880016,2817.520431,1.463542,,
2009-10-31,106.978656,124.599538,653.499095,1685.859123,700.820183,109.999514,262.400928,8.075572,,15.836491,39.41999,2.13351,7422.627565,111.135641,11.429786,104.081063,1.798693,2945.574942,209.13279,384.788133,41.710599,11.385861,223.601357,839.747251,5599.541346,2067.073456,11.507106,3.359873,11.431849,2779.468117,1.476477,,
2009-11-30,107.880997,131.972398,658.035629,1710.778643,707.330066,110.136584,266.686575,8.212721,,16.115238,39.837189,2.1496,7517.283261,112.244988,11.095128,99.771049,1.801973,2902.144923,212.876893,391.753217,46.893502,11.178786,223.215128,854.921462,5847.12326,2100.445772,11.110756,3.364777,11.092228,2815.109852,1.500591,,
2009-12-31,102.627365,127.864854,652.291657,1629.857948,689.28542,109.746624,254.828187,7.867307,,15.423287,37.567544,2.049708,7163.554045,108.745304,10.588561,98.935542,1.772243,2810.366351,205.436225,374.595908,43.854805,10.547695,214.648261,817.299165,5520.377269,2150.794752,10.590707,3.203826,10.603866,2731.5133,1.433866,,
2010-01-31,100.913214,125.912323,653.166922,1579.0832,678.801605,109.843448,247.262968,7.60518,,14.996831,36.87171,1.986925,6916.837119,105.607051,10.493055,98.794662,1.733914,2935.648987,205.925031,362.282434,42.85842,10.513578,210.016575,797.875874,5460.853871,2079.997245,10.548581,3.10306,10.519491,2706.076833,1.391299,,
2010-02-28,98.725682,126.083475,655.773854,1545.689194,672.562655,110.458309,241.59677,7.471815,,14.946845,36.369166,1.946344,6832.026108,104.421102,10.504675,96.562762,1.708764,2956.856414,205.370164,353.852726,45.242561,10.487342,204.520685,778.310482,5233.753078,2045.920972,10.505939,3.02878,10.507465,2779.900097,1.359416,,
2010-03-31,99.174152,122.900245,659.077575,1539.395988,670.594715,110.514162,240.097973,7.449681,,15.123912,36.067908,1.915631,6788.595798,104.277474,9.96584,97.743588,1.718955,2803.279811,204.449764,354.774524,46.614265,9.96821,203.84846,776.578696,5237.578058,1992.692275,9.898634,3.019796,9.966521,2795.743346,1.350983,,
2010-04-30,97.91408,125.108661,654.983292,1525.83609,664.49756,110.192845,236.487098,7.397563,,14.975816,35.32624,1.889675,6676.213025,103.155874,9.767983,96.303216,1.713669,2728.2275,202.397301,354.952481,46.547112,9.751196,201.446815,767.684555,5188.17655,2029.266471,9.77419,2.971117,9.781469,2808.822741,1.330665,,
2010-05-31,91.655877,113.742905,654.76963,1402.777278,639.897536,110.346566,218.888983,6.969964,,13.773716,35.751453,1.762178,6189.095545,98.282218,9.500386,86.51642,1.630206,2598.769093,185.971476,335.764038,41.568044,9.356592,186.556351,710.015822,4760.122347,1915.061464,9.424649,2.789549,9.507064,2774.329861,1.231644,,
2010-06-30,91.117001,113.196569,655.007511,1393.744537,637.785934,110.13935,217.838858,6.981426,,13.737044,35.877672,1.757711,6202.241692,100.119845,9.392526,87.029266,1.616167,2764.017928,185.884527,342.291301,41.858634,9.359737,184.655312,719.842054,4792.620815,1948.905922,9.367213,2.889048,9.380868,2797.366796,1.225735,,
2010-07-31,96.36511,120.40751,657.003727,1486.666568,658.242498,110.360995,231.742795,7.43608,,14.64495,35.848604,1.881776,6586.089154,104.726545,9.572668,93.915498,1.667656,2855.65068,197.92501,371.794724,45.638189,9.574546,195.790997,766.539098,5129.168555,2095.485893,9.54202,3.090361,9.570308,2911.767677,1.30397,,
2010-08-31,94.537725,115.297108,654.548617,1436.306035,649.408762,110.357649,225.545713,7.239373,,14.285129,36.806118,1.822087,6783.349225,102.808002,9.351223,91.375396,1.630801,2576.267913,191.666319,358.045323,46.322099,9.316006,192.173454,744.326376,5003.421581,2036.902924,9.388466,3.001419,9.351174,2863.087001,1.2691,,
2010-09-30,100.982745,124.999422,654.988883,1541.982605,672.155086,110.067778,242.126373,7.758592,,17.218099,37.216092,1.955037,8802.419786,109.926343,9.493765,98.122452,1.698195,2738.407004,205.398979,388.895191,49.255976,9.508484,210.759074,791.620334,5385.675507,2180.886834,9.504416,3.23228,9.525855,3064.975732,1.362396,,
2010-10-31,102.453685,128.618216,657.863356,1580.0401,680.764589,110.60884,247.04265,8.02781,,17.595758,38.311839,1.991885,9629.22001,112.10942,9.693995,99.393945,1.724593,2780.127702,210.425376,392.526923,50.080352,9.727194,209.339562,818.103779,5716.994376,2224.389956,9.729604,3.292826,9.679345,3186.018051,1.390059,,
2010-11-30,96.172825,120.022559,650.85132,1479.208002,657.387748,110.345063,231.175774,7.531267,,16.499481,36.737661,1.892301,9024.240198,105.128369,9.262432,90.364062,1.650965,2634.065043,196.808899,361.230687,45.853389,9.262107,196.255859,770.753496,5479.830199,2081.470916,9.251755,3.081511,9.266597,3008.045488,1.300779,,
2010-12-31,99.631577,123.545119,659.141429,1507.219271,666.494842,110.326711,237.610167,7.75918,,16.993927,36.423788,1.984705,9354.811104,107.829246,8.830646,93.554122,1.671277,2834.221037,201.707717,376.108702,43.249035,8.878368,203.452286,786.442958,5543.809948,2139.176697,8.860799,3.339569,8.82537,3109.933683,1.336984,,
2011-01-31,99.644782,127.342662,656.527595,1553.684363,674.85142,110.326879,243.478773,8.024785,,17.455473,37.824695,2.146529,10403.898209,111.26436,9.827677,99.163644,1.692356,2819.170319,208.713182,379.272723,44.451318,9.824672,208.560135,822.67104,5754.140571,2192.031005,9.843593,3.432205,9.825069,3147.58307,1.370006,,
2011-02-28,100.258147,128.333286,656.482262,1569.468917,676.637916,110.032717,245.347982,8.130904,,17.632165,39.014705,2.080279,9981.629987,113.725977,9.625877,100.09717,1.697589,2767.951704,209.615495,397.287032,43.003276,9.611403,211.690074,825.22905,5919.179501,2215.872112,9.612585,3.717055,9.62631,3256.754,1.380523,,
2011-03-31,102.389395,132.338786,655.718288,1614.217796,686.651952,110.128129,252.181674,8.461996,,18.155389,39.390268,2.146488,10003.648327,117.869214,9.653546,102.177257,1.715016,2844.8565,214.436132,393.857509,43.630622,9.642807,220.234977,847.872812,6101.871194,2270.362162,9.622304,3.968612,9.68888,3412.639927,1.418975,,
2011-04-30,105.399722,138.037538,656.158221,1818.404224,654.900971,110.074467,263.64424,8.825489,,24.945736,40.594307,2.226692,10457.127958,123.68385,9.851663,107.520552,1.761106,2885.355706,224.23071,404.160811,46.358233,9.781013,229.407747,885.888983,6426.708754,2373.232841,9.762305,3.970512,9.763839,3531.704114,1.483473,,
2011-05-31,103.914933,133.843348,658.822618,1768.396684,655.553867,110.254162,255.633485,8.540494,,24.217834,40.263998,2.165511,9529.889742,123.114488,9.907369,102.476843,1.737111,2797.699594,216.899607,393.975349,42.720573,9.874285,224.687996,857.621368,6292.720262,2294.210407,9.837434,3.842267,9.907783,3448.561576,1.438398,,
2011-06-30,105.043392,134.982279,658.148555,1781.817844,657.880221,110.64931,257.762417,8.651511,,24.584622,40.245746,2.19872,9721.539882,129.665256,9.851184,105.899383,1.744442,2813.728398,219.309107,396.357055,40.82619,9.857064,220.84447,871.774526,6309.849873,2335.630876,9.846965,3.881751,9.891003,3737.115792,1.450377,,
2011-07-31,103.111041,133.538115,658.279726,1752.383755,659.565683,110.79067,254.645258,8.534332,,24.365872,39.901356,2.166729,9569.733573,130.27825,9.615355,103.72064,1.721244,2833.677911,217.49025,397.078356,40.381,9.612812,218.862145,856.746517,6260.203096,2342.516651,9.613283,3.839396,9.619651,3744.254959,1.432837,,
2011-08-31,103.662373,134.223431,654.588996,1764.663713,653.92298,109.880699,255.918772,8.580373,,24.580501,41.111586,2.200349,9501.642544,135.096292,10.212171,103.706633,1.729808,2818.112428,228.84849,401.98134,38.309461,10.13564,223.073491,858.597123,6323.652454,2347.216555,10.112404,3.847507,10.209975,4058.6619,1.440003,,
2011-09-30,99.612076,126.877245,648.137468,1649.779014,649.101043,109.662754,238.672456,8.010734,,22.978158,40.455494,2.14556,9104.503917,134.567313,10.444496,96.033551,1.664454,2784.420577,221.276236,379.922647,35.72879,10.58746,213.519337,798.47491,6067.402049,2175.611111,10.821417,3.588326,10.4438,3820.727427,1.342961,,
2011-10-31,101.902104,131.944583,647.798614,1713.082257,660.059249,109.505022,247.118909,8.296284,,23.812603,40.966835,2.220207,9345.354323,138.248283,10.895154,100.744417,1.697367,2919.446988,232.34442,397.897279,37.054664,11.165652,222.512969,827.996504,6201.280753,2259.331986,10.920111,3.721457,10.898924,3590.604786,1.390488,,
2011-11-30,99.917194,127.600195,656.514314,1662.042129,656.645236,110.445994,238.863964,8.076524,,23.18796,39.711553,2.240689,9178.155848,120.535096,10.94869,96.452222,1.674767,2836.151218,220.153032,383.992608,35.485525,10.961508,216.791795,805.406912,5847.083687,2184.053494,10.94825,3.597615,10.961345,3437.312386,1.344039,,
2011-12-31,97.432399,122.685815,655.121089,1681.660792,655.729616,110.433865,230.730345,7.804213,,22.372575,37.107456,2.120594,9008.247627,110.03201,10.470793,93.131383,1.628492,2891.098376,210.723693,370.526002,34.747579,10.469065,209.875157,776.168951,5615.076949,2116.575833,10.480647,3.462135,10.478176,3210.421733,1.294525,,
2012-01-31,98.733904,124.57852,654.03352,1689.102332,653.943204,109.612226,233.788273,7.895165,,22.6803,39.53914,2.198085,9098.37785,109.770207,10.213311,96.246486,1.600616,2853.63811,216.595985,376.018924,35.277817,10.204153,211.015388,787.11933,5693.835527,2127.007895,10.215031,3.503564,10.205943,3041.284632,1.308928,,
2012-02-29,99.254236,127.133523,655.595535,1744.426417,654.589811,110.231635,239.513187,8.060816,,23.246097,39.233965,2.316532,9167.560005,110.854875,10.060861,97.71537,1.65959,2851.421922,221.871784,391.260983,37.028759,10.130978,210.266132,802.520314,5859.482974,2170.510737,9.994202,3.569453,10.056731,3257.098238,1.335559,,
2012-03-31,99.042781,126.946768,655.714342,1725.591753,656.053889,110.46479,238.154331,8.053876,,23.240482,39.999312,2.376981,9468.608173,110.701542,10.183835,97.999851,1.673907,2814.981384,222.312939,388.660849,36.704641,10.167368,210.107767,807.397291,5813.169665,2169.56304,10.168134,3.577138,10.184819,3335.704668,1.333522,,
2012-04-30,98.032694,125.956102,656.831101,1828.703953,656.184911,110.52805,236.466588,7.982334,,23.177945,39.713383,2.454539,9219.071976,109.98518,10.26377,98.145379,1.652726,2774.808872,220.184145,385.118695,36.472616,10.263604,208.446613,799.22362,5778.408605,2151.207104,10.259267,3.538795,10.255897,3325.116129,1.323108,,
2012-05-31,95.232661,117.83106,654.799606,1747.211201,655.454997,110.237328,221.131751,7.478661,,21.83572,38.007047,2.338176,8746.961905,106.597024,10.535876,93.114962,1.575425,2620.693837,323.843712,360.173867,34.596492,10.539588,197.648618,748.167503,5390.172062,2012.556309,10.549767,3.313056,10.534888,3093.363027,1.237374,,
2012-06-30,99.873108,120.259532,655.887692,1789.793315,655.957579,110.27842,226.436285,7.654829,,22.446789,39.340647,2.452758,8952.78698,106.287258,10.328287,93.754956,1.587207,2749.973942,339.230412,365.116458,35.163343,10.34397,205.571505,765.067792,5525.311629,2051.537683,10.355568,3.377641,10.330984,3124.02165,1.262641,,
2012-07-31,101.110417,117.368008,656.787657,1779.809311,656.232558,110.999156,218.622945,7.475888,,22.037363,38.740004,2.401456,8758.835488,103.759856,10.100328,91.901994,1.559172,2783.313972,337.262127,369.808644,34.509101,10.09191,197.708143,750.384091,5363.775193,2000.397064,10.121113,5.443823,10.099549,3051.190338,1.230569,,396.680184
2012-08-31,101.190438,120.007497,655.81203,1809.828981,655.90881,110.98389,224.247157,7.678312,,22.638609,42.147805,2.430868,8961.088249,106.016293,10.571999,93.237233,1.588442,2823.382192,349.589364,379.178739,36.043766,10.569601,198.743307,770.572687,5469.050936,2044.258138,10.569108,5.576876,10.598524,3161.54552,1.258072,,405.545847
2012-09-30,102.794451,122.671867,654.686473,1897.723914,655.635429,109.083781,229.146585,7.866271,,23.278499,42.478377,2.446011,9056.621557,109.631277,10.677942,94.352837,1.615494,2847.913908,389.595034,388.281992,36.865914,10.674515,202.72719,800.872215,5590.291612,2092.731346,10.680234,5.686746,10.659007,3290.364868,1.285198,,414.294278
2012-10-31,102.694367,123.904735,656.348049,1929.056307,656.048232,110.405662,230.277684,7.913876,,23.510751,44.228901,2.446649,9204.66052,110.390137,11.25795,93.480171,1.617102,2867.544041,409.389021,387.339034,38.155172,11.244721,203.734292,804.877899,5619.850292,2097.17915,11.237111,5.721638,11.252949,3358.688653,1.294859,,417.36247
2012-11-30,102.871931,124.446522,656.628405,1977.869004,656.734328,110.629333,231.366964,7.946848,,23.655085,39.39763,2.479896,9158.808906,111.537549,11.504557,96.217483,1.637003,2922.376871,425.300617,387.322827,38.812052,11.462351,204.638572,808.375624,5617.457762,2098.894994,11.510665,5.736977,11.494635,3488.783551,1.300236,,419.095757
2012-12-31,103.545021,126.3846,655.194929,2026.606164,655.203492,109.834091,234.505571,8.340579,,24.076237,42.927673,2.514461,9246.482961,113.516968,11.17636,95.744376,1.661203,2981.575528,430.693056,398.075109,39.001268,11.177221,205.970861,818.894235,5726.526468,2116.733391,11.177656,5.819676,11.172825,3544.986523,1.319096,,425.259693
2013-01-31,105.637393,130.301138,656.899383,2122.045605,656.897718,110.789825,240.613914,9.101887,,24.875268,46.021992,2.58145,9533.437529,119.008877,12.190877,100.958517,1.701836,2975.9017,486.97703,407.794429,40.718335,12.198125,213.305039,842.935176,5865.954082,2181.192922,12.206224,5.990169,12.192541,3613.011824,1.358186,,437.861953
2013-02-28,102.874178,125.478326,656.219723,2025.20467,656.609234,109.452724,232.343361,8.812524,,24.146065,43.626245,2.513789,9219.144931,112.83379,11.660559,97.415036,1.662229,2892.855555,499.430216,388.191565,39.141689,11.691018,207.150856,834.416675,5654.212798,2075.680696,11.755139,5.781356,11.657618,3473.001037,1.307584,,421.464226
2013-03-31,101.708229,123.042764,655.883558,2011.995233,655.902049,110.411759,227.425637,8.715989,,23.692891,42.270155,2.482539,9149.694779,109.465792,11.789225,95.474875,1.651779,2873.387927,496.357217,356.268662,38.614611,11.794346,203.041609,814.346711,5531.282366,2008.517983,11.835077,5.653096,11.824019,3320.956607,1.281542,6.901007,413.152782
2013-04-30,103.360065,126.110292,655.374773,2059.904659,655.189573,110.520103,232.299069,9.088924,,24.316575,43.186453,2.583138,9250.019806,110.108626,11.771966,98.037772,1.668612,2842.868066,523.469928,345.040175,40.160472,11.809537,207.53546,830.658139,5669.954628,1995.183501,11.836812,5.780768,11.771229,3413.163848,1.313113,6.978244,423.330931
2013-05-31,103.221347,125.109001,657.451392,2020.380332,657.074145,110.611913,231.123204,9.085544,,24.276065,44.236193,2.596529,9169.373565,110.673302,13.061112,97.452545,1.664328,2869.559372,433.670801,388.815914,38.575199,13.022051,205.952216,844.809193,5622.519325,1906.926927,13.046717,5.733724,13.061535,3376.357818,1.300872,6.932248,419.384618
2013-06-30,104.505431,125.335902,655.367401,2023.762276,656.087138,110.220697,231.18057,9.146942,,24.45763,46.039986,2.640965,9087.90186,111.645539,13.056779,97.310348,1.669516,2863.279726,428.678686,387.105872,38.71628,13.032725,211.449394,848.463437,5624.084995,1824.98136,12.87365,5.753369,13.057485,3381.455776,1.301234,7.146581,419.501402
2013-07-31,105.780138,127.605928,656.234796,2037.140198,656.077461,109.421879,236.495379,9.308476,,24.956309,43.308516,2.769199,9236.236123,116.242933,13.071002,99.904805,1.688224,2914.343326,435.448714,399.592834,39.683707,13.090874,213.259981,862.491857,5747.233411,1820.749408,13.09943,5.851488,13.089631,3435.461454,1.329522,7.286818,428.535232
2013-08-31,107.865746,126.907354,655.948676,2030.3637,655.815669,109.407483,234.510396,9.233034,,24.942239,43.565543,2.839551,9237.373046,115.742422,13.603993,101.024722,1.673334,2895.7852,436.356619,390.068493,39.553407,13.602667,214.744467,860.775049,5713.549184,1725.88673,13.578147,5.827852,13.59786,3426.485141,1.321751,7.104951,426.073138
2013-09-30,110.207594,131.781168,656.586462,2083.155976,656.392158,109.429224,239.875477,9.319077,,25.550538,44.027441,2.941808,9497.088623,116.972181,13.6063,104.514771,1.687634,3022.199323,487.974446,387.802972,40.242364,13.585954,217.312658,905.798555,5848.924067,1706.212944,13.573896,5.956013,13.603555,3461.866709,1.352325,7.191261,435.92886
2013-10-31,110.661546,131.943046,656.195797,2109.615621,655.941963,109.504544,240.766671,9.376303,,25.884053,44.537827,3.012708,9513.471296,116.180152,13.622947,110.154046,1.671978,2993.405786,536.859038,411.736472,40.582999,13.599276,216.687259,918.272602,5898.897164,1674.136525,13.638178,6.009265,13.626403,3433.844053,1.361035,7.440578,438.736423
2013-11-30,108.746861,132.348124,655.568062,2102.226737,656.100438,110.115548,241.980156,9.356837,20.351998,25.913414,51.240473,3.091113,9454.163269,117.733202,13.858481,109.780917,1.690574,3058.904141,554.09595,397.269503,40.826311,13.85723,215.177357,914.846725,5877.503171,1636.266693,13.836844,7.747638,13.860601,3430.787351,1.359065,7.516802,438.101394
2013-12-31,107.768116,134.264197,656.310399,2126.238659,656.169001,109.660072,245.320304,9.561867,20.545006,26.299644,52.194493,3.255556,9538.175026,118.837956,14.421151,111.065596,1.703489,3078.73248,591.919652,401.271618,41.266928,14.421151,220.601249,934.759868,5959.289533,1540.932831,14.402173,7.841158,14.423351,3473.951114,1.375168,7.60796,443.292215
2014-01-31,105.684918,131.67952,655.545861,2089.561472,655.281324,109.497395,240.203847,9.392123,20.36567,25.885663,51.420609,3.226685,9387.505278,116.582337,15.135451,115.332163,1.695143,3100.708585,575.741262,392.573148,41.802851,15.121638,219.427468,918.127815,5849.116754,1461.575549,15.036616,7.680956,15.158113,3339.093196,1.348914,7.525596,434.829242
2014-02-28,107.346726,134.711604,658.037632,2147.868887,657.212919,109.833454,245.270467,9.609225,20.75491,26.656982,52.724021,3.546654,9613.703627,119.226464,14.814842,118.005419,1.71891,3234.735551,580.835369,401.366517,44.666086,14.825939,228.359395,936.437561,5984.46193,1446.836144,14.857103,7.864958,14.812992,3488.29308,1.38018,8.038315,444.90804
2014-03-31,108.103775,134.945794,655.884347,2137.637395,655.901193,109.709811,245.779243,9.595568,20.594614,26.688612,52.697981,3.695787,9584.005355,119.006203,14.536426,117.76162,1.715436,3209.842025,560.630706,406.992421,43.133671,14.53615,227.273042,937.10637,5954.559994,1364.395807,14.525875,7.834522,14.544772,3507.82713,1.377329,8.517103,443.988863
2014-04-30,109.058401,135.440217,657.783645,2141.735982,657.053414,109.942273,248.330758,9.715413,20.738822,27.104923,54.940637,3.919209,9691.986622,120.622453,14.616858,118.587601,1.718082,3281.8714,543.414851,408.618059,43.055968,14.612891,222.81972,943.686285,6013.292907,1348.28901,14.615041,7.899837,14.619868,3494.593977,1.386989,8.750544,447.103003
2014-05-31,108.048993,133.302091,656.594621,2118.210399,656.500948,109.871887,243.008455,9.750441,20.385437,26.666471,53.992663,4.11351,9595.665307,119.642506,14.349462,116.56553,1.694846,3239.603741,536.59612,398.301006,42.981187,14.348099,221.758355,929.966775,5893.262331,1292.922793,14.388713,7.77139,14.330784,3474.950227,1.36334,9.36533,439.479322
2014-06-30,108.719711,133.616037,657.99719,2120.825711,657.342125,109.914667,243.80491,9.791333,20.625075,26.827362,54.415695,4.482196,9504.594433,119.970834,14.526663,123.822648,1.685969,3226.053808,540.268162,398.44777,43.195368,14.528826,223.005898,931.458133,5926.070969,1258.881836,14.547955,7.794106,14.528142,3559.248386,1.369293,8.561641,441.398385
2014-07-31,106.929257,129.915891,656.737143,2062.295378,656.405767,109.774347,239.294635,9.572667,20.166681,26.480297,53.04501,4.598851,9480.381682,117.559218,14.308961,123.844564,1.678542,3328.741043,528.845742,392.070788,40.832356,14.30548,216.76012,925.285043,5843.455116,1144.330496,14.31374,7.631728,14.304837,3512.727205,1.33886,8.22185,431.588271
2014-08-31,105.831555,128.189865,655.497976,2024.860953,656.024743,109.614248,234.423318,9.399911,19.773553,26.166357,52.168603,4.964311,9227.795763,116.32792,13.997518,120.179858,1.61256,3358.855319,518.996366,383.313086,40.008143,14.013146,213.746412,908.986322,5756.674349,1105.36903,14.004754,7.503289,14.017611,3434.677068,1.31331,7.914727,423.351968
2014-09-30,104.922255,124.106242,654.803239,1957.141571,655.916499,109.566141,226.463203,9.032363,19.02263,25.192505,50.011114,4.146576,8895.575279,112.752064,14.226028,115.544427,1.535581,3356.389804,505.842079,368.189571,39.03459,14.226533,206.819572,870.431081,5516.798345,976.875922,14.246828,7.194768,14.235045,3349.368041,1.262907,7.910532,407.104364
2014-10-31,104.925088,124.411606,654.49698,1954.737964,654.814244,109.693051,222.993079,8.958285,18.865903,25.180598,54.042951,4.063765,8916.327029,111.968933,13.728761,114.592461,1.521612,3388.647991,582.86931,369.023775,38.989538,13.724001,207.621974,866.82839,5476.981938,980.414651,13.798625,7.155005,13.716987,3399.753508,1.252502,7.944807,403.750249
2014-11-30,107.365129,125.530825,655.473033,1946.304778,655.726344,109.615386,222.295952,8.912193,18.752482,25.080407,53.668247,3.988713,8768.249731,112.35809,13.7698,113.926318,1.494254,3337.707335,617.205514,362.486943,39.649086,13.760089,221.975996,861.46451,5435.547184,931.435689,13.795371,7.093476,13.764496,3458.137613,1.244972,7.861609,401.322915
2014-12-31,106.368056,124.470497,654.7749,1901.527355,655.270204,109.695344,216.231333,8.652176,18.264895,24.475785,51.932732,3.880535,8504.881528,109.60292,13.998001,110.721152,1.456836,3134.793215,566.349579,353.734318,40.443512,13.998001,221.192692,834.654796,5105.973142,875.237412,13.968176,6.892092,14.007681,3355.412836,1.209946,7.744951,390.032228
2015-01-31,104.477109,117.263573,654.497058,1759.00227,654.493446,110.256994,201.532557,8.566455,17.089301,22.88821,48.405332,3.78135,8079.764086,103.439098,13.133432,103.26619,1.531291,3163.973049,518.117522,329.958204,38.107906,13.133432,212.253562,778.531126,4834.620245,797.11528,13.13043,6.732687,13.132439,3225.56645,1.128705,7.336423,363.843744
2015-02-28,106.393454,119.060755,655.430324,1754.961095,655.435922,110.146611,199.708806,8.542197,16.968212,22.82278,48.256851,3.926152,8103.934995,102.330298,13.039743,94.71647,1.524322,3210.304078,499.154226,327.383172,37.947798,13.041982,226.574992,772.817159,4880.583434,784.710397,13.035969,6.709689,13.026397,3243.95285,1.119635,7.737313,360.920033
2015-03-31,104.755986,115.999075,655.133024,1673.933399,655.239663,109.594311,190.574344,8.181681,16.231808,21.926831,46.287428,4.073295,7789.422392,99.207029,13.037806,90.981141,1.478098,3221.8746,474.575968,337.360115,38.857423,13.037806,213.828769,740.675722,4666.291517,754.069561,13.022588,6.405062,13.0383,3196.756023,1.073904,8.154495,346.178305
2016-04-30,124.920657,189.802731,663.212817,1784.963133,657.38119,110.523172,203.509912,10.168436,17.172151,24.753589,48.796135,4.350349,8644.581184,115.707255,16.289116,103.60531,1.532872,3646.319431,779.833729,396.34559,61.00158,16.291406,227.931122,863.224307,4518.730966,694.324326,16.290914,6.969195,16.274748,3802.676052,1.144925,10.967545,369.109074
2016-05-31,122.957902,184.560904,659.365839,1740.258915,657.026769,110.192146,197.875224,9.874345,16.699766,24.236452,47.424174,4.278011,8211.931735,112.240995,17.507041,100.735106,1.519361,3624.941445,788.649199,396.408351,63.842389,17.507041,221.69873,832.094242,4398.278538,658.912856,17.507197,6.775927,17.515947,3747.824609,1.113206,11.640438,358.81178
2016-06-30,122.527584,183.766418,658.48935,1842.371491,657.610787,110.350872,197.002996,9.852744,16.648352,24.297946,47.376856,4.392706,9812.559663,112.357165,16.444622,100.1776,1.519225,3603.342954,785.040532,394.497724,70.362971,16.422533,313.187923,836.7162,5799.175824,647.359307,16.420668,6.752536,16.43996,3782.173382,1.110001,11.483553,357.778638
2016-11-30,116.80266,174.885165,653.565427,1767.995649,655.705442,109.905776,188.473466,18.751999,16.203381,23.614805,43.034245,4.577001,9688.532577,107.744528,14.906579,96.40904,1.508666,3524.74022,758.87322,376.099255,78.451159,14.834229,332.662172,856.881555,5870.328809,580.569955,14.928071,6.865348,14.820397,3840.451976,1.059435,10.456981,341.514155
2016-12-31,115.914946,173.691375,659.898226,1762.460873,655.636893,110.353056,186.867886,18.939689,16.077784,23.573,44.349558,4.498722,9856.860153,107.55425,14.320626,95.749111,1.512834,3514.294949,753.111236,372.473502,74.94707,14.752017,320.074388,854.005175,5750.185956,556.605696,14.447437,6.81763,14.436354,3789.967146,1.052184,10.4204,339.176787
2017-01-31,117.829605,178.389642,661.933095,1817.276752,655.600683,110.30958,192.242096,20.207575,16.522405,24.205571,48.444147,4.580206,10052.997929,111.89809,14.587039,99.416867,1.53642,3452.577364,774.14459,383.619852,75.978313,14.590548,340.395114,879.191512,8068.981172,591.098451,14.554638,6.915638,14.545451,3863.212483,1.080619,10.687059,348.342918
2017-02-28,115.892652,174.504406,657.554808,1784.346174,655.63092,110.295422,188.064594,16.597791,16.141945,23.783758,46.20484,4.818687,9587.689623,108.508968,13.879167,97.2511,1.506864,2958.759379,757.818611,375.26191,74.460514,13.868843,332.979192,862.226074,7761.060107,578.221567,13.88566,6.764979,13.882065,3783.279022,1.057077,9.989255,340.754106
2017-03-31,117.023915,176.128536,654.376711,1808.356514,655.607512,110.46575,189.906732,19.257356,16.302491,24.165468,46.996486,4.550822,9810.050259,109.836281,14.307396,96.020436,1.511573,3419.381541,764.863795,380.879956,75.151706,14.302763,336.070591,930.253042,7948.327888,585.722752,14.317129,7.112994,14.303366,3846.137369,1.06689,10.263865,343.917209
2017-04-30,118.970344,180.108378,658.587378,1855.502326,655.56538,110.33188,194.196436,19.69238,16.681009,24.885495,48.003495,4.471419,10037.11409,112.426588,14.587616,99.280139,1.535897,3436.620203,783.298516,389.483218,76.849383,14.576702,343.121312,893.543173,8127.880431,598.954058,14.562435,7.265699,14.517053,3972.187703,1.090991,10.124852,351.686299
2017-05-31,121.652142,185.599577,657.732347,1919.087782,655.551332,110.298475,199.66374,20.314577,17.189892,25.745994,50.478052,4.888724,10163.063996,115.852186,14.749901,102.304982,1.567964,3468.25774,806.726943,402.475441,67.453721,14.703896,364.251434,921.623542,8431.745662,614.95499,14.70789,7.487056,14.705695,4029.250032,1.124233,10.285132,362.402055
2017-06-30,123.104841,188.760838,662.50546,1960.521393,655.599503,110.392808,202.834624,20.661225,17.482644,26.298022,51.337516,5.002611,10272.076621,118.282085,14.955774,104.047475,1.598099,3641.648075,818.907628,408.18508,68.43096,14.923368,399.038082,939.853812,8460.971445,625.42622,14.918068,7.614535,14.95317,4097.854474,1.143374,10.450858,368.572489
2017-07-31,127.834927,195.238101,664.677309,2036.664448,655.192948,110.300599,210.50128,21.121142,18.057945,27.329764,53.098502,5.201645,10525.09216,122.575938,15.580643,106.433629,1.618383,3766.564581,846.548586,423.369051,71.548649,15.442352,411.542667,974.197855,8869.460107,649.244749,15.567083,7.875842,15.648656,4259.705498,1.182595,10.442365,381.215311
2017-08-31,132.167002,196.682119,647.91504,2059.828093,655.563411,110.304955,211.579668,20.967908,18.215515,27.650697,53.490581,5.263877,10465.807346,122.289711,15.499415,136.526062,1.619132,3794.376654,853.240279,430.068763,72.432675,15.474108,434.834737,984.381493,8934.952038,664.760194,15.485936,7.934115,15.48642,4279.2457,1.191327,10.769241,384.030202
2017-09-30,133.237744,195.124917,651.220493,2051.154201,655.581268,110.329211,208.839546,20.836678,18.059707,27.59754,53.007659,5.160717,10515.254919,121.675331,16.015029,138.399042,1.616236,3764.312603,846.479786,426.661853,71.776484,16.009896,417.20675,979.631218,9005.984359,658.311826,16.009737,7.87114,16.009895,4248.886529,1.181888,11.441102,380.987409
2017-10-31,133.98151,192.417533,655.665201,2028.579704,655.618608,110.301213,206.092179,20.513271,17.470687,31.526286,54.894199,5.114722,10489.338157,120.569107,16.456829,138.575809,1.598691,3665.441163,836.606278,409.457135,70.045464,16.461289,414.911682,968.830222,8880.973096,651.504,16.454281,7.761757,16.454859,4250.512481,1.165482,11.654351,375.698954
2017-11-30,136.6782,196.474552,655.978222,2081.096433,655.549821,110.305551,210.43619,20.992445,17.839053,32.131064,55.932554,5.389132,10715.192181,122.336938,16.30194,148.96991,1.618704,3784.353,854.240261,417.837734,71.759893,16.327274,424.847085,993.499701,9080.066666,665.236909,16.329817,7.925479,16.327998,4336.535175,1.190048,12.031189,383.617935
2017-12-31,137.571875,198.102345,677.935753,2101.014095,655.08954,110.23551,212.179654,21.322377,18.334318,32.577379,56.827623,5.424183,10801.568349,123.530478,14.819271,150.192425,1.628241,3863.702459,856.110013,421.167777,70.110163,14.827246,428.367116,1002.822733,9155.294504,670.748032,14.827497,8.397191,14.88437,4354.464694,1.199908,11.963391,386.796211
2018-01-31,140.320933,257.368916,655.274889,2174.867725,655.274889,110.297241,219.63807,21.897975,18.619071,33.797159,59.682231,5.637206,11184.984573,126.75488,14.69408,151.037656,1.643652,3962.253934,886.153841,435.971937,75.141254,14.707529,444.667267,1038.073377,9477.115767,698.052282,14.717348,23.117949,14.703845,4490.140829,1.242086,12.073037,400.392647
2018-02-28,139.078779,261.861602,655.681842,2136.172208,655.681842,110.347789,215.730243,21.483966,18.653219,33.195836,57.192976,5.43931,10916.440147,123.279655,14.371736,158.683673,1.625636,3781.958671,870.387281,426.995537,74.602186,14.37169,437.974831,1026.740739,9308.497693,685.63227,14.385719,21.942926,14.382418,4435.870998,1.219987,11.845891,393.268811
2018-03-31,140.300074,263.669769,655.494698,2158.494969,655.494698,110.317487,217.984599,21.671972,18.479187,33.555056,58.037184,5.437645,11093.386111,124.198564,14.571403,162.413357,1.634735,3920.098932,879.482731,432.690544,75.258494,14.58454,437.621484,1039.109624,9590.681664,694.030435,14.58425,22.252354,14.559596,4541.397548,1.232735,11.625142,397.378427
2018-04-30,138.668458,272.7351,655.541657,2115.990619,655.541657,110.320385,213.692121,21.305162,18.115329,32.870134,56.821866,5.430221,10878.564149,121.269036,14.550285,158.948844,1.617882,3861.031921,862.176352,426.586217,71.178342,15.022385,432.629192,1022.128203,9450.163426,679.155131,15.036996,21.814168,15.034577,4482.180944,1.208461,11.939401,389.553385
2018-05-31,136.115621,278.328306,655.402701,2047.927296,655.402701,110.315662,207.605696,20.888865,17.532265,31.836217,54.70134,5.515551,10521.624998,118.479391,14.841721,161.169397,1.590131,3824.556949,834.443438,414.034278,70.175469,14.846791,419.882885,989.951974,9181.275622,657.309354,14.855773,21.000206,14.853552,4405.84234,1.169589,12.023741,377.022944
2018-06-30,137.156224,291.058934,655.6784,2046.962329,655.6784,110.333813,207.508814,20.856099,17.851671,31.809526,54.652987,5.568601,10522.512458,117.663688,16.098101,174.455553,1.605679,3822.755031,834.050255,415.008934,68.65805,16.027954,417.347008,993.016035,9352.305289,667.521157,16.041896,20.990318,16.031141,4528.970663,1.169038,11.620663,376.845293
2018-07-31,137.617527,300.384579,667.457419,2086.535708,653.290451,110.609771,207.741837,20.886984,17.522,32.380503,56.201733,5.599752,10634.303359,117.582356,15.309788,177.093013,1.618976,3828.237083,841.627952,415.55709,67.978971,15.318815,420.813983,1011.122346,9006.586745,679.146954,15.485834,21.030761,15.318811,4319.596452,1.168928,11.624967,376.809659
2018-08-31,137.110774,321.087195,653.720752,2058.281763,653.732375,109.877108,206.537545,20.683348,17.432648,32.127028,55.823865,5.514982,10516.924245,117.00559,16.554855,179.261898,1.602313,3877.568064,845.254514,415.385273,69.630191,16.75242,420.895874,1023.696214,10110.695068,671.145201,17.069065,21.005263,17.092308,4374.448567,1.162149,11.986988,374.624493
2018-09-30,137.262979,341.727122,660.319166,2071.474577,657.475329,110.359695,206.241847,20.700235,17.407435,32.377997,57.206352,5.541801,10589.470646,116.942897,16.44992,180.457219,1.595688,3968.875876,843.832863,414.876071,70.395226,16.461553,420.666094,1006.725039,9806.139763,670.181738,16.382171,20.965458,16.461528,4440.092287,1.16049,14.209069,374.089753
2018-10-31,134.885576,348.433547,3608.22886,2055.054177,655.704954,110.557866,201.114301,20.269855,16.974541,31.742172,55.959599,5.482763,10326.194532,115.325033,16.70288,177.242754,1.555965,3994.681235,814.779022,403.995122,68.565595,16.703327,411.346904,991.31468,9562.339151,656.34956,16.714331,53.997216,16.702718,4262.596776,1.131638,13.408749,364.789103
2018-11-30,134.47534,351.361221,658.680639,2055.2635,653.067181,109.971881,201.135594,20.272006,16.976701,31.814021,56.016161,5.622441,10389.493207,116.073026,15.460178,178.934426,1.57884,4096.946357,823.073093,404.036223,69.438751,15.460173,411.958492,990.2839,9450.138174,657.548893,15.6964,53.900913,15.460165,4214.086512,1.131753,13.611636,364.82626
2018-12-31,135.807334,354.637114,666.509326,2076.522199,658.465362,110.975575,204.227437,20.537116,17.237199,32.646484,56.693539,5.636922,10572.221172,117.120615,16.536707,180.755871,1.603068,4010.54968,892.358698,410.247799,70.62682,16.538581,418.866884,1005.510196,9882.728912,666.509689,16.629703,54.745144,16.524861,4265.204858,1.149155,13.709434,370.435715
2019-01-31,135.392726,357.426711,656.040047,2064.376313,656.051464,110.284337,203.433092,20.240289,17.170107,32.237097,56.659423,5.69462,10472.864769,115.326637,15.178536,184.062813,1.588017,4008.445747,838.40496,408.651884,70.981653,15.190025,415.428034,1030.230751,54463.958124,663.915882,15.182831,54.708345,15.27035,4216.378413,1.144682,13.72302,368.9939
2019-02-28,134.601134,357.312023,660.778999,2082.421113,653.397652,110.590661,202.12355,19.910973,17.059507,32.524987,56.336857,6.232366,10497.40447,113.902372,15.911721,183.793424,1.58081,4014.716761,828.46478,406.020923,71.30384,15.808812,411.131635,1006.522493,9894.627836,660.779237,16.006784,54.15489,15.911418,4212.426563,1.137314,13.676192,366.618722
2019-03-31,134.193451,357.041647,650.961411,2060.629415,655.551533,110.647161,199.463453,19.454204,16.834722,32.357086,55.786229,6.00467,10359.264596,113.166527,16.195654,182.802266,1.554473,4012.390961,810.891616,400.677403,71.746053,16.408643,404.044764,1010.112458,9988.889527,650.96093,16.096816,53.435507,16.329667,4169.436,1.122347,13.642163,361.794236
2019-04-30,134.021408,362.378871,661.171879,2058.10735,656.227846,110.70215,199.327471,19.260403,16.824095,32.425041,55.737161,5.809699,10352.223808,113.279971,16.044292,190.669113,1.568876,4065.743663,823.949493,400.405563,72.275456,16.040712,403.243399,1015.03387,9931.629614,652.7618,16.043254,50.601958,16.048739,4200.726144,1.121584,14.273258,361.548347
2019-05-31,134.13552,370.056832,658.469458,2070.594116,659.242189,111.033111,199.019363,18.707582,16.798082,32.591841,55.74634,6.097603,10336.173298,113.474364,16.316575,214.118664,1.562228,4087.436042,806.289063,399.78519,69.693621,16.31657,403.144724,1013.460073,9949.826621,653.433888,16.332501,50.530826,16.316561,4217.565753,1.119845,14.758484,360.987771
2019-06-30,134.80823,386.628015,655.606254,2097.484801,655.390281,110.611912,201.931376,18.986676,17.043082,33.067605,56.47136,6.164054,10481.742462,116.282079,16.009458,222.985438,1.57965,4093.259899,863.536737,405.635114,70.562331,16.009557,409.043804,1033.971381,10140.873437,662.99329,16.004288,51.302029,16.00994,4196.453623,1.136232,14.585245,365.866797
2019-07-31,132.789482,387.023862,657.636248,2043.764912,651.480628,109.607683,196.758773,18.322475,16.606951,32.140063,55.306757,5.967327,10213.288825,115.30791,15.732297,224.498581,1.5473,4045.458765,820.982147,395.24636,68.055747,15.731905,398.567162,1015.793232,10185.610683,642.136029,15.88247,49.951535,15.731923,4096.834437,1.107132,14.255383,356.496372
2019-08-31,131.961125,398.582404,650.720177,2042.445429,654.122454,110.820991,195.678817,18.171163,16.516125,32.508509,55.592381,6.017276,10170.942058,113.962734,16.719468,228.715395,1.545614,4079.385997,842.856934,393.07443,67.483693,16.719468,399.681075,1012.964849,10239.753738,639.709696,16.719209,49.666149,16.719467,4062.705131,1.101049,14.440295,354.537698
2019-09-30,131.455876,412.023496,655.94939,2018.321626,656.003362,110.267706,193.700955,17.745075,16.348565,32.134781,54.676032,5.93589,10095.000905,113.172241,16.533831,226.431504,1.546875,4084.597023,802.500545,389.103315,67.493577,16.523337,394.00096,1008.637649,10245.287113,632.15616,16.50906,49.273837,16.612082,4024.599166,1.089924,14.37285,350.955592
2019-10-31,133.367621,554.082465,658.247005,2087.422839,656.175963,110.925718,198.277485,18.00796,16.735027,33.134801,57.169977,6.141738,10292.077181,115.252626,16.713263,236.086823,1.556304,4077.782063,815.556119,398.29539,70.063402,16.71246,404.98841,1020.840138,10682.561948,649.321273,16.856024,50.32472,16.11529,4144.175736,1.115672,14.842186,359.246476
2019-11-30,132.505011,541.264508,655.957057,2062.53021,655.957057,110.265006,195.815013,17.763001,16.527621,33.712502,56.391326,6.179901,10483.900708,113.050009,16.318302,211.442476,1.5477,4050.230322,805.758046,393.347456,70.598845,16.22427,399.412079,1026.350128,10676.588664,639.053129,16.145453,49.600404,16.102501,4068.600334,1.101815,16.115202,354.784462
2019-12-31,133.609361,541.054472,657.486606,2111.17666,655.350311,110.684245,199.400497,17.990645,16.830423,35.859796,57.501847,6.388932,10728.732208,113.718543,15.719031,210.485999,1.573872,4146.570106,827.29188,400.550711,68.951955,15.718954,406.721127,1049.061875,10939.415446,651.877414,15.720111,50.619704,15.719092,4111.322188,1.121991,15.789076,361.281203
2020-01-31,133.195621,550.092929,660.158871,2098.083577,659.323463,111.117873,197.18257,17.530265,16.643049,35.619574,56.700241,6.080548,10443.267976,111.339764,16.65417,216.354854,1.558905,4021.974454,815.490298,396.094957,70.901835,16.654165,401.092032,1037.391932,10762.24823,650.173287,16.650274,54.310932,16.654157,4079.228233,1.10951,16.391192,357.262249
2020-02-29,132.289934,543.263004,658.360085,2084.254384,657.689581,111.274809,195.986513,17.237001,16.542096,35.675369,56.297354,5.959268,10404.730613,111.59001,17.214818,217.992099,1.55534,4083.595084,813.304445,393.692533,71.972986,17.214813,403.070236,1031.099391,10713.509022,647.332291,17.273611,60.326128,17.214805,4089.484323,1.10278,16.616674,355.095193
2020-03-31,137.457503,591.75146,688.031455,2093.314295,661.769675,110.978415,195.956917,17.355046,16.538631,36.186158,56.177911,6.35656,10386.632097,115.994369,19.629309,218.372652,1.555053,4137.559369,813.174922,393.63384,73.566251,19.631766,404.659496,1033.701423,10722.929204,642.824204,19.675092,60.968882,19.68147,4186.491092,1.102615,19.965761,355.041983
2020-04-30,139.921091,609.959605,661.077669,2083.926818,660.206196,110.708357,194.514521,17.246778,16.417293,36.698842,55.906848,6.348837,10343.019211,117.363489,20.29208,216.710728,1.543521,4156.908516,807.1966,390.736311,74.21253,20.29247,426.843472,1023.356919,10616.643601,638.093669,20.309624,60.520817,20.28093,4159.37039,1.094499,20.441263,352.428801
2020-05-31,142.946625,645.290196,655.918657,2121.172977,654.882477,110.617956,197.576235,17.580461,16.676307,38.01937,57.26522,6.414455,10522.485676,118.731768,19.555824,220.781708,1.578943,4213.441492,822.677105,396.886155,77.048125,19.55562,400.781222,1039.463697,10839.327573,645.912306,19.542469,61.506225,19.554907,4200.313597,1.111726,20.374012,357.975734
2020-06-30,144.907519,650.406171,657.231391,2150.325905,657.512162,110.830198,199.663469,18.145986,16.851867,39.1083,57.986561,6.510523,10804.997849,119.694755,19.514384,223.928165,1.578545,4325.368313,825.752066,401.079985,78.732095,19.514453,435.907376,1067.298647,10959.471723,652.737691,19.487941,62.156116,19.514781,4188.732594,1.123472,20.402538,361.758069
2020-07-31,150.710283,679.607697,657.257756,2270.364819,652.263744,110.544557,209.3334,18.83009,17.66863,41.520752,61.018753,6.790529,11325.322201,126.862219,20.036198,234.722199,1.625924,4478.302376,877.521439,420.503498,83.465063,20.036193,452.306548,1118.986552,11496.114865,688.475518,20.105067,65.141129,20.036184,4345.979456,1.177881,21.51861,379.277772
2020-08-31,152.738561,717.167618,656.455126,2302.484674,656.455126,110.340407,212.173638,18.948918,17.907767,43.050666,61.841447,6.882304,11522.67449,129.188192,20.713251,237.941978,1.632973,4597.364784,892.895186,426.210311,85.474766,20.714063,459.852956,1153.545603,11655.121578,695.40751,20.237782,66.019516,19.959263,4383.854993,1.193866,23.290961,384.424955
2020-09-30,151.436311,732.063959,657.75565,2264.0417,656.991462,110.913997,208.370949,18.484247,17.587289,43.053149,60.744051,6.807472,11431.593191,127.189803,19.885555,233.292401,1.612176,4578.499934,879.352985,418.572589,84.716877,19.897226,446.711698,1122.054846,11513.665835,683.550879,19.633965,64.866981,19.685609,4357.316485,1.172471,23.516628,377.536084
2020-10-31,150.362017,777.144667,651.604877,2265.434963,656.069354,110.527996,207.532986,18.289,17.516668,43.795151,60.431517,6.820116,11414.756477,126.911517,19.046448,213.698653,1.588585,4556.56083,881.651638,416.887344,85.508538,19.046443,444.33322,1138.556231,11595.757704,681.966384,18.974834,64.580869,19.038593,4366.752646,1.16775,24.030288,376.015425
2020-11-30,154.241318,781.707689,654.191362,2321.902886,653.346638,110.126044,212.158872,18.683022,17.9064,45.363376,61.839054,7.007776,11722.923597,131.436287,18.437924,188.020454,1.617573,4518.45947,916.823521,426.180219,88.584514,18.419995,454.233954,1180.051929,11961.679471,695.973846,18.432626,66.045893,18.419741,4421.434727,1.19378,25.07412,384.39722
2020-12-31,160.850851,796.685668,652.176666,2368.76702,650.681067,110.278473,216.44102,19.167163,18.26781,46.339998,62.975958,7.161402,12197.019311,132.748056,17.890516,200.066472,1.637986,4658.372479,937.763975,434.781192,91.216875,17.891225,464.251644,1191.69076,12320.633861,710.021686,17.857276,67.287778,17.890468,4451.641204,1.217875,25.777301,392.156
2002-01-31,67.369836,,653.01649,742.972421,653.01649,109.76772,152.809532,3.965379,,7.199331,15.205828,,1696.759551,67.502768,9.875621,,0.648774,,58.110331,231.711611,,9.841435,98.374821,391.356734,1663.369903,2251.053584,9.858591,,9.878866,1485.570528,0.859828,,
2003-01-31,85.044351,,652.616971,1135.061867,653.980278,109.700563,191.244264,5.767421,,8.983911,24.752618,,2109.264991,83.517845,9.212999,,1.306354,,96.527283,283.253338,,9.212999,137.749014,544.026725,2163.288504,2805.700702,9.183666,,9.216033,2015.792176,1.076093,,
2003-02-28,85.152247,,656.43454,1138.570281,655.675268,110.342271,191.758281,5.977539,,9.146424,24.836768,,2128.388348,82.69238,9.055608,,1.309865,,87.220451,284.213759,,9.054397,138.47874,548.52704,2364.730281,2829.038054,8.748744,,9.052656,2040.822046,1.078985,,
2003-03-31,86.600761,,656.464966,1139.654355,655.533708,110.347386,193.776972,6.255227,,9.137571,27.520596,,2170.149242,83.653201,8.704765,,1.323654,,97.735927,290.102479,,8.704765,142.36516,560.342588,2414.988696,2883.901537,8.626667,,8.701513,2149.841028,1.090344,,
2003-04-30,86.678975,,658.277462,1162.999142,657.025542,110.652054,198.521042,6.585451,,9.583402,27.371851,,2192.967943,82.218637,8.073822,,1.35606,,101.356134,299.155211,,8.074916,146.040852,572.287189,2541.280161,2912.199883,8.086154,,8.077758,2205.640949,1.117038,,
2003-05-31,91.83816,,654.749152,1211.191394,655.832728,110.058968,209.714895,7.0572,,9.815549,28.724852,,2199.429934,84.136873,9.482356,,1.432523,,107.571436,307.098939,,9.482356,154.358641,573.957926,2683.914719,2920.606222,9.525764,,9.485221,2343.984238,1.180023,,
2003-06-30,89.797819,,659.328023,1218.984886,657.064574,110.828647,204.125442,6.924538,,9.714109,28.569916,,2262.747514,84.680008,8.614951,,1.394343,,102.236165,298.505196,,8.620731,148.10669,600.033984,2617.104703,2994.199133,8.596883,,8.625285,2289.632467,1.148572,,
2003-07-31,87.233054,,652.068662,1204.59268,654.565018,109.608396,199.952296,6.914256,,9.573564,27.984327,,2245.061775,84.112901,8.390228,,1.365837,,102.382244,303.995913,,8.390228,143.148663,595.606699,2598.067242,2987.163202,8.33559,,8.389152,2237.633688,1.125091,,
2003-08-31,85.216939,,657.668983,1177.49389,655.992323,110.549773,194.702569,6.741406,,9.363765,30.664962,,2190.352967,83.768454,7.994793,,1.329977,,115.560895,291.641343,,7.994403,143.777729,586.954177,2577.120773,2870.169454,8.034142,,7.996214,2180.184572,1.095552,,
2003-09-30,88.99906,,655.75281,1252.11929,655.6122,110.227677,207.016048,7.146823,,9.733787,34.637291,,2318.382911,90.843988,8.019289,,1.414088,,126.830767,308.679488,,8.015697,152.642004,622.179879,2670.130337,3036.910044,8.115223,,8.009443,2307.601164,1.164837,,
2003-10-31,87.773599,,654.230331,1215.377591,655.076897,109.971759,206.003654,7.097929,,9.913705,34.495099,,2324.581724,90.768167,8.001627,,1.407173,,123.939878,300.981038,,8.002704,160.513052,628.375148,2840.182938,3037.254211,8.005807,,8.00105,2297.994348,1.159141,,
2003-11-30,,,655.780191,1271.095054,655.752862,110.232279,213.101112,7.439582,,10.252264,35.975499,,2403.019513,91.306203,7.686346,,1.455654,,127.113882,315.530516,,7.684556,172.976038,661.725397,2937.98974,3141.396331,7.687287,,7.683787,2348.966997,1.199077,,
2003-12-31,90.874788,,654.018844,1335.183551,654.446635,109.936209,223.798406,7.762637,,10.767554,39.956936,,2525.015581,95.648976,8.325104,,1.528725,,133.490485,323.748316,,8.325104,175.735559,667.985709,3085.272912,3299.364059,8.361187,,8.324306,2448.317781,1.259268,,
2005-01-31,93.990417,,656.017192,1406.808862,656.017192,110.286917,231.711674,7.608551,,11.214902,37.987074,,3606.862279,100.400597,7.779571,61.309177,1.657801,,140.858156,338.047428,,7.778896,173.538251,724.749156,3165.901011,4019.038193,7.763463,,7.781621,2230.793699,1.303795,,
2005-02-28,95.338994,,656.648829,1429.491637,656.648829,110.255345,235.590511,7.686451,,11.528397,38.942769,,3743.553629,100.73037,7.68773,62.304289,1.721314,,143.117417,346.778696,,7.68773,175.817021,727.768419,3217.943403,4106.440416,7.6695,,7.68773,2255.542377,1.32562,,
2005-03-31,93.851526,,655.968594,1405.860346,655.968594,110.259693,230.392684,7.513298,,11.281516,37.402411,,4090.279271,96.713413,8.094821,60.935618,1.664506,,144.551732,344.24877,,8.094821,171.485709,710.435317,3146.945337,4028.47699,8.075241,,8.094637,2234.622245,1.296373,,
2005-04-30,90.501237,,655.723891,1400.313236,655.723891,109.862227,229.438207,7.49053,,11.202975,36.796668,,4410.433191,98.850343,7.871916,64.566971,1.64437,,144.199457,344.854221,,7.871916,170.788637,707.824677,3146.919563,3976.564193,7.85067,,7.871381,2292.659063,1.291002,,
2005-05-31,90.561095,,656.36696,1337.255072,656.36696,110.209983,219.044379,7.150919,,10.731177,34.82489,,4364.822617,94.63734,8.336579,61.622816,1.598253,,141.926825,327.629002,,8.336579,163.242695,674.531235,3202.795241,3646.123281,8.314173,,8.331224,2150.142024,1.232518,,
2005-06-30,88.634166,,655.727455,1311.739607,655.727455,110.294015,214.962631,6.997303,,10.532984,34.348169,,4483.093504,91.978695,8.043401,60.487362,1.604876,,148.768741,321.557849,,8.043401,162.667417,662.679077,3163.550251,3344.401527,8.042698,,8.041956,2101.290117,1.209551,,
2005-07-31,88.799059,,656.133762,1313.736135,656.133762,110.423801,215.23338,6.989998,,10.550396,33.864785,,4480.9923,92.013526,7.994431,59.344359,1.604296,,149.848535,324.778779,,7.994431,163.497442,656.499127,3175.264672,3124.574533,7.979388,,7.988902,2132.097587,1.211075,,
2005-08-31,90.982091,,658.18576,1305.11064,658.18576,111.306015,218.836695,7.10648,,10.732161,34.297875,,4655.20614,93.07408,7.912327,60.354358,1.617806,,151.955985,330.255849,,7.91786,162.375473,668.0048,3268.885583,2881.361044,7.937571,,7.920381,2261.143774,1.23135,,
2005-09-30,86.444585,,655.939602,1246.392985,655.939602,110.188071,213.868137,6.929314,,10.44914,34.056905,,4840.776035,89.093823,7.667175,58.967618,1.604363,,148.560106,322.610793,,7.667175,156.894112,651.771684,3168.293272,2532.710231,7.654198,,7.662832,2240.719563,1.203393,,
2005-10-31,87.458572,,655.394021,1199.6874,655.394021,110.022859,213.210533,6.903067,,10.459679,33.887496,,4951.172129,88.271158,8.056496,59.980024,1.603327,,147.851028,325.465745,,8.056496,156.674405,657.794483,3172.636131,2366.394704,8.046646,,8.055236,2197.237342,1.199692,,
2005-11-30,86.278583,,656.247368,1178.630255,658.899444,110.430678,209.479816,6.786605,,10.280265,33.742845,,5098.260615,86.972204,7.626885,58.93943,1.599472,,144.94506,317.054289,,7.634546,153.886044,634.127352,2803.542636,2133.45055,7.627498,,7.641578,2157.614369,1.1787,,
2005-12-31,88.43239,,657.059273,1242.931773,655.992883,110.436073,209.988456,7.135641,,10.42605,34.565578,,5098.041903,85.854521,7.96044,58.156523,1.633675,,148.618702,318.705243,,7.898152,154.534158,645.078127,2889.539311,2041.764303,7.471794,,7.918674,2148.082897,1.181562,,
2006-01-31,88.336062,,658.607121,1196.965,665.71291,110.5704,215.964672,6.95998,,10.601888,34.541127,,5210.029682,87.068881,7.386447,59.542134,1.624541,,154.028327,326.311759,,7.446538,157.206148,673.703911,2888.83183,2004.632299,7.405052,,7.417611,2211.054172,1.215189,,
2006-02-28,87.88242,,656.828273,1175.413545,659.327389,110.632252,211.752356,6.829833,,10.396931,34.135088,,5387.621897,86.62521,7.354366,58.36683,1.603983,,153.828645,319.632014,,7.357345,153.697948,659.912699,2832.695943,1903.306773,7.35689,,7.35542,2178.630321,1.191488,,
2006-03-31,88.893358,,656.638701,1196.656544,664.393018,110.415717,215.413388,6.954932,,10.530706,34.671179,,5464.303415,86.61353,7.507038,59.405263,1.615463,,156.20744,318.844088,,7.479636,155.908004,670.615972,2878.714633,1781.779324,7.485599,,7.505696,2204.174801,1.212087,,
2006-04-30,91.265812,,657.973189,1227.269032,669.71836,110.597407,223.486582,7.216805,,10.980599,35.453745,,5660.258252,89.217163,7.719522,61.616968,1.663936,,165.456615,337.041985,,7.67488,161.476282,688.550039,2986.587392,1817.101699,7.622253,,7.717039,2307.534032,1.257514,,
2006-05-31,92.314885,,654.008448,1255.244218,674.585543,109.924574,227.991538,7.374751,,11.203731,35.888195,,5772.484084,92.244288,8.480753,62.858983,1.659049,,168.675265,343.835649,,8.584023,164.85577,709.021129,3046.800528,1747.266926,8.559833,,8.480853,2379.712227,1.282862,,
2006-06-30,93.363085,,658.014726,1251.759865,675.563076,110.771415,226.980545,7.333202,,11.159879,35.763824,,6071.374139,94.076579,9.114063,62.591481,1.668525,,176.646886,340.553407,,9.142799,163.902973,705.568363,3033.74745,1711.937152,9.184194,,9.113311,2379.7416,1.277173,,
2007-01-31,93.186409,,658.405833,1335.008247,649.656114,110.703592,231.141799,7.409742,,11.441656,36.167747,,7802.497585,91.472124,9.430544,63.723072,1.673708,,181.257883,347.281497,,9.491529,166.99173,714.536625,3869.163587,1753.113283,9.437305,,9.431051,2281.230084,1.300588,,
2007-02-28,94.935899,,655.746216,1387.44604,663.020357,110.384784,235.048664,7.536998,,11.746664,36.244703,,7932.554587,91.90138,9.570531,64.813051,1.701672,,183.029718,351.899547,,9.449717,169.474991,724.615198,3921.180014,1765.409682,9.594534,,9.580668,2293.338938,1.322571,,
2007-03-31,95.462278,,655.769662,1393.740689,665.905279,110.413679,237.014425,7.596547,,11.850068,36.47343,,7971.50526,91.542063,9.703667,80.671696,1.706176,,186.176577,358.090935,,9.681995,170.730932,730.10995,3965.888684,1814.987465,9.709883,,9.702685,2320.517539,1.333632,,
2007-04-30,96.327537,,656.151663,1429.417085,674.301456,110.59798,242.526177,7.759036,,12.128262,37.314144,,4985.212902,92.796013,9.630436,82.560802,1.727367,,190.767099,363.023093,,9.663689,174.371398,746.904521,4032.618693,1821.888143,9.611449,,9.631438,2352.702469,1.364646,,
2021-01-31,161.227649,794.893337,655.195643,2352.785991,655.195643,110.47462,215.63942,19.06455,18.185198,47.765994,62.437096,7.086146,12451.93048,133.539825,18.330296,206.702282,5.403721,4590.96516,934.145495,432.805608,91.210511,18.330062,462.135588,1202.053178,12330.722362,708.00707,18.413054,67.012163,18.233312,4462.006014,1.212341,25.945451,390.374099
2021-02-28,160.762352,768.797826,654.796292,2369.438275,654.785478,110.069887,214.844871,18.958954,18.133875,48.767054,61.955508,6.949182,12265.557769,132.700202,17.553234,209.652935,5.368484,4499.214581,944.250199,431.576049,90.510028,17.565536,460.687156,1200.432084,12325.914973,708.413458,18.193968,453.965118,18.11978,4429.348427,1.208897,26.310661,389.26526
2021-03-31,156.900044,738.748598,654.928001,2305.44171,655.415415,110.581759,208.404039,18.43251,17.590602,47.153095,60.098306,6.783791,11773.466246,128.229801,17.537103,202.984137,5.318012,4438.503569,920.534665,418.637993,79.881704,17.537066,447.370102,1149.202887,11987.473301,687.176455,17.339789,446.782129,17.537061,4296.849414,1.172656,25.886709,377.595623
2021-04-30,160.230999,786.473183,650.860244,2359.427813,652.471928,110.519775,213.611024,18.822295,18.031547,50.458332,61.48021,6.953329,11902.314319,129.57478,17.392675,206.795953,5.378773,4537.361597,952.549854,429.095937,69.208734,17.212377,457.346447,1183.920732,12301.958467,701.939196,17.430162,466.357001,17.212368,4298.04271,1.20195,26.846205,387.028129
2021-05-31,162.931635,785.390551,658.343678,2411.45218,658.343678,110.666196,217.413735,19.197,18.352684,53.251451,62.610691,7.083881,11989.966942,131.766922,16.851657,209.98767,5.448653,4592.067513,975.714234,436.735733,74.581562,16.851621,505.24378,1220.404303,12539.337053,715.659189,16.78804,513.193662,16.834931,4338.428,1.22335,27.534119,393.919067
2021-06-30,159.270572,765.858555,654.417759,2354.482092,654.320467,110.669707,210.693857,18.60784,17.785467,51.809476,60.616572,6.983415,11665.711944,127.978884,16.941744,203.260897,5.331939,4659.171399,958.507595,423.237513,75.246428,16.941387,487.857086,1167.163957,12163.638616,693.540304,16.922383,537.049156,16.941909,4222.193216,1.18554,26.866849,381.744216
2021-07-31,159.841417,757.852775,654.022542,2351.883635,654.022542,109.939822,210.900791,18.643,17.805543,52.571804,60.700167,7.096012,11587.327181,128.880134,17.611081,203.697508,5.349876,4528.156688,964.141278,423.651695,75.510169,17.611076,488.291895,1195.404252,12169.60887,694.2199,17.335358,529.865913,17.283679,4216.029891,1.1867,22.824689,382.117682
2007-05-31,94.716954,,655.798566,1419.032548,668.410832,110.262686,239.089549,7.664648,,12.027914,36.85894,,4641.655754,90.052521,9.520777,82.722396,1.704013,,186.897646,343.058074,,9.577616,172.019955,735.621255,3982.11345,1789.259435,9.596868,,9.490779,2263.48273,1.345308,,
2007-06-30,94.397469,,657.937227,1445.624392,670.477243,110.386255,240.282681,7.697236,,12.141444,36.644832,,4666.415905,90.167802,9.660652,84.157938,1.719798,,188.753248,353.085803,,9.572641,172.613887,740.463332,3994.748537,1833.24288,9.549621,,9.586968,2142.954878,1.352022,,
2007-07-31,94.452513,,655.73949,1459.818655,674.47381,110.203125,243.472102,7.742191,,12.300259,36.172101,,4755.892944,92.212383,9.735825,85.63375,1.726376,,191.026858,335.731279,,9.738403,174.64093,749.554925,4007.152716,1828.902725,9.732638,,9.733301,2273.458526,1.369968,,
2007-08-31,93.406541,,654.360492,1469.783464,671.96614,109.801628,242.549678,7.718375,,12.259927,34.907026,,5473.246019,91.2665,9.735421,84.624974,1.720484,,189.284233,345.341328,,9.739809,173.493059,748.160615,4061.372729,1823.158434,9.751234,,9.731375,2422.479272,1.364778,,
2007-09-30,96.248281,,656.978972,1524.495359,689.058805,110.628166,252.827435,7.94992,,12.785227,34.961644,,5895.271892,95.365148,9.787216,88.918677,1.781218,,197.65674,357.121657,,9.765877,179.965635,776.847378,4183.061774,1866.991651,9.782085,,9.787421,2481.027808,1.422609,,
2007-10-31,96.061276,,657.459732,1584.400763,694.952617,110.483424,257.269129,7.986162,,13.009305,33.872527,,6094.138142,96.847197,9.489498,89.012866,1.787572,2616.301205,201.252867,369.899519,,9.495476,180.444327,792.102956,4307.874629,1976.031472,9.472216,,9.489797,2518.389167,1.447601,,
2007-11-30,98.363985,110.043757,651.801953,1603.071424,697.364292,109.611071,260.785286,8.120013,,13.188019,35.071071,,6222.233565,94.373171,10.011245,90.232325,1.78315,2580.252113,205.662657,372.775832,,9.929629,181.220123,803.846398,4381.401072,2054.890631,9.935395,,10.014523,2517.302296,1.467386,,
2007-12-31,97.299134,109.355942,651.992531,1584.669218,695.551638,109.484135,259.77741,8.077243,,13.213749,36.205845,,6236.292208,93.179944,9.963216,89.899393,1.781906,2618.391637,203.047652,365.472926,,9.942346,180.018817,798.333223,4337.876229,1964.758849,9.994182,,9.958552,2474.320599,1.461715,,
2004-01-31,88.938242,,658.27753,1322.335548,655.824237,110.652066,220.868281,7.664467,,10.688655,39.461166,,2491.840277,95.100746,8.680403,,1.610394,,132.977866,316.972536,,8.679105,173.244728,695.401395,3044.828412,3256.094194,8.748512,,8.677838,2404.786842,1.242781,,
2004-02-29,,,657.9921,1335.06152,656.030095,110.604087,221.378639,7.754998,,10.802925,37.82483,,2502.839536,95.119583,8.271891,,1.604908,,135.123566,325.242164,,8.271891,169.407199,697.146654,3114.312215,3263.524548,8.277225,,8.275603,2414.551662,1.245653,,
2004-03-31,87.204022,,659.321722,1316.983553,656.832647,110.827587,218.360512,7.618403,,10.627891,36.245549,,2470.651038,95.38753,7.757905,,1.55093,,132.695991,319.687107,,7.758865,164.182446,684.694765,3070.141808,3218.895301,7.786289,,7.758865,2365.026602,1.22867,,
2004-04-30,85.956358,,657.503859,1283.369817,656.570903,110.522017,212.823973,7.47055,,10.333321,35.289611,,2407.382527,93.608196,8.227812,,1.5754,,131.020952,305.600814,,8.227812,160.545869,668.880584,2992.217258,3138.450957,8.264778,,8.228573,2286.032804,1.197517,,
2004-05-31,86.49104,,655.807829,1292.585717,655.150532,110.236925,216.734777,7.562458,,10.485191,35.661709,,2453.464432,96.630707,7.907115,,1.625158,,132.658831,310.257902,,7.907115,162.787414,681.681662,2992.717332,3193.038667,7.925162,,7.910141,2275.174695,1.219523,,
2004-06-30,87.042932,,657.230953,1300.132852,656.085937,110.476143,216.439414,7.545178,,10.570196,36.230343,,2450.334119,96.644538,7.594402,,1.623233,,132.265419,309.892633,,7.592169,161.967774,685.403677,2991.458626,3190.629461,7.606303,,7.592169,2159.654767,1.217861,,
2004-07-31,87.127926,,655.457318,1285.278995,655.989025,110.178007,213.795327,7.469894,,10.452538,35.816824,,3070.303551,96.575597,7.442166,,1.601713,,130.265783,321.42181,,7.442166,159.455021,677.152887,2955.232395,3187.399384,7.510059,,7.448065,2122.957247,1.202983,,
2004-08-31,87.666314,,657.110342,1299.804373,657.110342,110.785494,216.259793,7.525104,,10.546823,35.820247,,3118.516008,97.077685,8.096162,54.752016,1.596444,,132.477741,316.983737,,8.096162,162.076739,686.15487,2987.668596,3321.803564,8.101594,,8.095242,2086.435581,1.21685,,
2004-09-30,90.086092,,656.081894,1326.503591,656.081894,110.398405,220.806813,7.737173,,10.715708,36.883917,,3246.445961,100.391085,8.00836,55.901767,1.639658,,134.949223,322.799631,,8.008296,165.694921,697.959708,3049.88948,3455.348005,8.012285,,8.01106,2170.206245,1.242435,,
2004-10-31,93.145768,,655.777974,1362.633528,655.777974,110.495236,226.84206,7.965241,,11.0332,38.0328,,3413.993493,103.69535,7.783492,57.446797,1.645904,,138.863356,339.048794,,7.782356,169.744678,715.311962,3101.753245,3870.320556,7.798887,,7.78015,2211.350206,1.276394,,
2004-11-30,96.287639,,655.555107,1419.672686,655.555107,110.128098,235.993132,8.282294,,11.485106,39.119581,,3636.287921,107.79993,7.702462,66.402963,1.670881,,143.803716,343.932049,,7.705128,176.455728,735.153466,3193.463084,4079.79731,7.702552,,7.703791,2310.518667,1.327885,,
2004-12-31,97.727723,,653.681053,1448.53389,653.681053,109.764354,240.981221,8.344549,,11.651749,39.968111,,3796.275771,107.9398,7.647562,63.732251,1.759813,,146.352121,356.420694,,7.647562,179.688475,750.62898,3294.768388,4190.985479,7.651283,,7.647433,2352.248618,1.355952,,
2006-07-31,94.460654,,655.591646,1251.330699,673.964568,110.269372,226.911571,7.330408,,11.097411,35.837744,,6332.044336,93.727609,8.783017,62.545703,1.662256,,176.756717,343.322604,,8.804722,163.70351,704.71652,3032.368478,1751.948459,8.813038,,8.789028,2363.334473,1.276785,,
2006-08-31,93.712905,,653.661542,1258.876171,653.158667,109.92812,227.697681,7.347989,,11.196992,36.097501,,7110.61484,92.89947,9.119306,62.787528,1.663459,,175.732626,341.624871,,9.117705,164.245918,706.88175,3814.160074,1716.825949,9.17468,,9.125342,2376.642522,1.281209,,
2006-09-30,90.154258,,655.311373,1288.897097,650.728453,110.338049,225.149966,7.264185,,11.075592,35.447912,,7035.739172,91.941241,9.594739,62.085648,1.658408,,175.046902,344.709237,,9.78477,162.567202,698.736418,3771.475204,1697.607031,9.82897,,9.591228,2353.849164,1.266873,,
2006-10-31,94.227756,,658.952932,1338.891233,661.944362,110.788572,226.712131,7.309614,,11.154989,35.565551,,7087.562482,91.605148,9.533896,62.493666,1.665161,,174.264663,341.871732,,9.443324,163.544139,702.112114,3797.647118,1709.386415,9.422708,,9.523206,2319.156468,1.275663,,
2006-11-30,93.824594,,656.513857,1386.686808,668.023183,110.632455,235.379894,7.577717,,11.58755,36.849224,,7357.861046,92.673525,9.522614,64.89987,1.708518,,188.391245,357.597899,,9.549103,169.696327,728.616608,3940.506289,1817.615592,9.526394,,9.614707,2394.579423,1.324435,,
2006-12-31,93.616701,,655.406431,1346.373526,651.784725,110.160508,233.843113,7.515595,,11.541639,36.535451,,7308.436678,91.324964,9.181035,64.478424,1.679856,,187.039551,353.864794,,9.240246,169.058501,722.670541,3914.46179,1814.469028,9.233876,,9.179956,2288.149614,1.315788,,
2000-01-31,65.124001,,,,,,,,,,,,,,,,,,,,,,,,,,6.134996,,,,0.973224,,
2000-02-29,68.744796,,,,,,,,,,,,,,,,,,,,,,,,,,6.130593,,,,0.966382,,
2000-03-31,69.922523,,,,,,,,,,,,,,,,,,,,,,,,,,6.270035,,,,0.956238,,
2000-04-30,,,,,,,,,,,,,,,,,,,,,,,,,,,6.222477,,,,0.908836,,
2000-05-31,71.017135,,658.583602,638.395085,658.583602,110.703514,165.995881,3.218595,,7.555333,11.998654,,1534.118462,71.705982,5.825835,,0.432525,,44.342248,220.197204,,6.597111,95.709715,,,2446.527386,6.515442,,5.751639,1470.645315,0.934025,,
2000-06-30,71.191485,,655.086831,638.661648,655.086831,110.11573,169.604897,3.295526,,7.630565,12.242837,,1549.232114,73.459322,5.877393,,0.474569,,44.724191,233.509822,,6.417576,98.886147,,,2467.642165,6.477257,,6.432256,1544.488415,0.954332,,
2000-07-31,71.017237,,657.419509,673.527342,657.419509,110.507838,164.633768,3.239814,,7.437546,13.006936,,1506.05039,70.275336,5.802107,,0.428754,,44.147211,230.481734,,6.473501,98.154356,,,2435.63837,6.45255,,6.427599,1515.280924,0.926361,,
2000-08-31,69.821259,,654.234383,661.039465,654.234383,109.97244,157.862666,3.129126,,7.256095,12.478643,,1453.971654,69.259537,5.564049,,0.451711,,42.330742,221.438945,,6.219025,92.525478,,,2335.630222,6.196526,,6.164568,1559.97255,0.888261,,
2000-09-30,70.727691,,658.236109,654.699865,658.236109,110.645103,156.313685,3.139214,,7.200331,12.047915,,1544.889099,69.729234,5.50747,,0.480363,,41.917337,222.980057,,6.398755,96.386534,,1946.519724,2312.757805,6.401564,,6.314062,1615.202556,0.879545,,
2000-10-31,67.778526,,660.601929,634.194247,660.601929,111.042781,150.647019,3.20518,,6.974037,12.820143,,1522.031953,67.67721,5.335315,,0.472421,,40.604505,218.816578,,6.494767,94.136205,,1623.706866,2240.352725,6.42413,,6.534647,1573.282313,0.84766,,
2000-11-30,67.800434,,657.508964,637.996909,657.508964,110.522875,154.698061,3.30936,,7.035707,13.116159,,1599.8763,68.453656,5.366266,,0.475422,,40.845811,219.910069,,6.691494,101.018441,,1633.335276,2253.669494,6.734326,,6.573015,1591.045456,0.870455,,
2000-12-31,71.962365,,659.914572,703.070382,659.914572,110.927241,166.36711,3.598005,,7.797563,14.976013,,1782.117532,73.716682,5.91457,,0.516598,,45.01516,244.199488,,7.099476,104.735107,,1800.085287,2483.674839,7.086723,,7.234184,1668.284866,0.936114,,
2001-01-31,70.214847,,658.505627,697.586885,658.505627,110.690407,165.797816,3.626859,,7.748991,14.858507,,1744.692518,73.573242,5.868112,,0.509773,,75.984083,239.000007,,7.297644,105.19815,,1786.102789,2464.237387,7.238681,,7.403554,1688.103501,0.932911,,
2001-02-28,67.902267,,654.670368,698.726784,654.670368,110.045726,164.034003,3.56464,,7.607948,14.752906,,1719.810037,72.135375,5.779641,,0.50391,,74.456969,235.61694,,7.090964,108.808158,,1751.218309,2416.001803,7.09305,,7.21492,1636.683407,0.922986,,
2001-03-31,,,653.459951,662.304155,653.459951,109.842263,156.365671,3.403012,,7.205067,13.593256,,1655.772839,68.174146,5.437023,,0.487537,,68.386676,218.912475,,7.02396,107.182426,,1654.866303,2283.185324,7.052838,,7.060819,1568.546156,0.879838,,
2001-04-30,68.330769,,656.11227,704.357687,656.11227,110.2881,157.782499,3.461873,,7.410954,14.018517,,1701.182586,69.105645,5.572119,,0.499518,,71.255963,224.740185,,7.115984,102.794326,,1695.691287,2339.663683,7.12129,,7.172698,1660.753018,0.88781,,
2001-05-31,67.754701,,657.169799,742.00436,657.169799,110.465863,150.986051,3.296908,,7.053717,13.691869,,1623.776661,66.438844,5.290764,,0.474175,,64.6985,219.945907,,6.790332,96.058375,,1610.12146,2221.389548,6.804774,,6.783319,1547.145238,0.849568,,
2001-06-30,,,656.470423,714.34969,656.470423,110.348303,150.825368,3.296269,,7.043308,13.863743,,1640.222812,66.948188,5.274825,,0.492385,,63.126271,219.633774,,6.824438,95.153519,,1605.565707,2215.272556,6.833046,,6.814329,1492.086955,0.848664,,
2001-07-31,68.354076,,655.658192,719.863931,655.658192,110.211773,155.523857,3.460063,,7.222508,14.801255,,1698.415968,69.121318,5.488499,,0.492776,,64.779477,223.327221,,7.215811,99.095138,,1662.522326,2293.704673,7.226715,,7.19742,1553.781884,0.875101,,
2001-08-31,68.63287,,652.408277,775.908508,652.408277,109.665484,161.876378,3.877489,,7.607719,15.401425,,1762.254359,71.753294,5.646288,,0.58462,,59.724235,239.870245,,7.62771,102.610857,,1540.142518,2361.932458,7.668245,,7.604038,1630.819289,0.910846,,
2001-09-30,,,654.812183,787.143826,654.812183,110.069564,161.993829,3.900647,,8.047031,15.795185,,1861.944737,72.42397,5.716605,,0.609734,,58.535162,245.058561,,8.363378,107.173626,,1694.727086,2400.103866,8.209561,,8.043737,1611.402763,0.911506,,
2001-10-31,68.389539,,653.355282,772.373342,653.355282,109.824669,160.057963,3.833809,,7.896954,15.670599,,1812.064203,71.268631,5.595518,,0.596823,,57.578517,238.709439,,8.627644,104.911235,,1659.302513,2349.563833,8.517123,,8.445071,1577.299059,0.900614,,
2001-11-30,68.584234,,659.778276,768.561321,659.778276,110.904331,159.057368,3.819793,,7.514592,15.412163,,1752.640872,70.726741,9.237391,,0.577381,,59.969328,228.542663,,8.563528,107.904959,401.131255,1759.882815,2334.631621,9.214344,,9.236274,1548.307421,0.894984,,
2001-12-31,,,661.625453,756.541643,661.625453,111.214829,157.978997,4.067288,,7.512442,15.397114,,1760.170195,70.081772,10.779856,,0.581329,,59.870438,234.703817,,10.588012,107.21254,402.538736,1755.57079,2328.892705,10.587295,,10.770072,1538.813731,0.888916,,
2002-02-28,68.490295,,657.497729,736.67627,657.497729,110.520986,154.107561,4.014396,,7.271169,15.595646,,1705.787209,67.875193,9.886357,,0.656668,,62.321038,233.900103,,9.946729,102.030089,396.672532,1958.559536,2279.110691,9.93551,,9.887068,1513.606868,0.867132,,
2002-03-31,67.439117,,655.345931,743.393832,656.004595,110.159283,154.899367,4.036353,,7.32517,16.048736,,1708.13727,68.026091,9.881896,,1.132235,,64.879704,237.372665,,9.889549,101.042784,395.674059,1772.687081,2270.872555,9.908595,,9.882615,1518.329254,0.871587,,
2002-04-30,70.707325,,655.754586,766.450417,655.97313,110.227975,160.041676,4.164054,,7.508463,16.482013,,1761.316328,70.448765,9.438377,,1.171139,,67.167567,246.556895,,9.601336,102.576338,410.883171,1769.353848,2353.083665,9.595341,,9.42649,1612.057401,0.900522,,
2002-05-31,72.768182,,652.40871,795.760057,654.067802,109.665556,165.924281,4.307877,,7.895837,17.313635,,1838.640089,72.996603,9.119103,,1.190098,,69.821259,256.662078,,9.333179,106.582325,427.179675,1838.699765,2433.126822,9.151488,,9.119501,1674.434787,0.933622,,
2002-06-30,78.793427,,654.067079,842.684071,657.094734,109.944317,176.765934,4.606047,,8.199209,18.475615,,1939.495841,78.009844,9.794877,,1.221381,,74.624374,267.746348,,10.068407,118.16955,453.004048,1946.395904,2575.657657,10.248436,,9.796603,1779.182192,0.994626,,
2002-07-31,79.289238,,655.83531,866.816163,656.086955,110.241544,173.8322,4.553636,,8.549214,18.909691,,2001.148689,77.060546,10.085429,,1.233672,,76.36613,277.947427,,10.125921,135.743813,458.334957,1897.897846,2563.41436,9.956398,,10.109424,1763.83268,0.978119,,
2002-08-31,75.504783,,655.436011,858.377698,655.753007,110.174426,174.614263,4.531768,,8.144426,19.133791,,1903.526937,77.048263,10.40473,,1.215514,,74.237191,263.850272,,10.367459,124.61095,465.710819,1893.804664,2558.006708,10.339699,,10.401932,1768.370919,0.982519,,
2002-09-30,77.386894,,656.520683,1012.419255,656.022123,110.356751,175.383489,4.583568,,8.35067,19.143736,,1944.93991,77.854194,10.336575,,1.226963,,78.054817,264.056717,,10.337675,124.338756,466.72973,2017.992632,2572.468701,10.406936,,10.334874,1782.936315,0.986847,,
2002-10-31,77.628315,,657.297487,1029.088715,655.95366,110.487327,175.662239,4.602876,,8.474473,21.72711,,1968.945451,78.853571,9.922165,,1.243366,,79.269662,266.646798,,9.91977,126.950902,488.997257,2027.715307,2603.890353,9.872703,,9.928348,1812.830873,0.988416,,
2002-11-30,78.951135,,656.39793,1013.921094,655.705137,110.336118,176.542228,4.573607,,8.374906,21.472524,,1945.827093,78.750708,9.145703,,1.225734,,79.469283,261.352562,,9.030877,126.159746,489.148582,2045.113789,2573.498727,9.215825,,9.150176,1813.227021,0.993367,,
2002-12-31,82.676039,,656.374514,1084.369758,656.155588,110.332181,186.49464,4.850932,,8.75689,23.465226,,2067.124881,80.891471,9.011632,,1.27391,,90.881609,274.494604,,8.97649,130.920277,521.641812,2107.580614,2733.45873,9.010461,,9.002636,1933.540685,1.049367,,
2021-08-31,160.105075,749.345444,654.104968,2342.088446,654.088399,109.954606,209.878922,18.539098,17.719953,53.905298,60.441028,7.133064,11552.188969,129.680167,17.619715,202.946758,5.332746,4624.415594,958.761483,421.599395,75.285754,17.619907,485.963519,1190.67896,12193.321663,690.856972,17.151474,523.75419,17.149388,4171.430308,1.180951,18.791453,380.265823
